{"cameraMode":{"drawMode":0,"name":"Shaded","section":"Shading Mode"},"sceneLighting":false,"audioPlay":false,"sceneViewState":{"m_AlwaysRefresh":false,"showFog":true,"showSkybox":false,"showFlares":true,"showImageEffects":true,"showParticleSystems":true,"showVisualEffectGraphs":true,"m_FxEnabled":true},"in2DMode":false,"pivot":{"x":-0.19581031799316407,"y":3.633305072784424,"z":-0.30495360493659975},"rotation":{"x":-0.566469132900238,"y":-0.08931224793195725,"z":0.06193970888853073,"w":-0.8168978691101074},"size":0.12247449159622193,"orthographic":false}